trade_id,entry_time,strategy,symbol,direction,entry_price,sl_price,tp_price,features_json,exit_time,exit_price,label,pnl_points
337fe717-b715-4780-943a-f91f6286eea8,2026-04-10T14:48:57.115936+00:00,strategy1_wick_rejection,MNQ1,-1,25354.25,25407.071428571428,25330.676801251535,"{""direction"": -1.0, ""strategy"": 1.0, ""p_direction"": 1.0, ""p_body_size"": 12.75, ""p_range"": 43.25, ""p_upper_wick_r"": 0.9803921568627451, ""p_lower_wick_r"": 1.411764705882353, ""wick_penetration"": 1.4509803921568627, ""close_pct_body"": 0.803921568627451, ""rr_ratio"": 0.44628097698244207, ""session"": 1.0, ""hour_cst"": 6.0}",2026-04-10T14:00:00+00:00,25330.67680125153,1,23.5732
acb3a2dc-d3bc-4054-b8f8-ec4af4fe84f8,2026-04-13T01:20:06.458584+00:00,strategy1_wick_rejection,MNQ1,1,25058.0,24981.660714285714,25133.25645683163,"{""direction"": 1.0, ""strategy"": 1.0, ""p_direction"": -1.0, ""p_body_size"": 35.75, ""p_range"": 91.0, ""p_upper_wick_r"": 0.7622377622377622, ""p_lower_wick_r"": 0.7832167832167832, ""wick_penetration"": 0.17482517482517482, ""close_pct_body"": 0.7762237762237763, ""rr_ratio"": 0.9858155748704707, ""session"": 0.0, ""hour_cst"": 18.0}",2026-04-13T22:00:00+00:00,25133.25645683163,1,75.2565
3d7671d6-f0c8-41cf-883a-9b8186563579,2026-04-13T06:57:14.609872+00:00,strategy1_wick_rejection,MNQ1,1,25107.5,25053.089285714286,25161.138929582685,"{""direction"": 1.0, ""strategy"": 1.0, ""p_direction"": -1.0, ""p_body_size"": 35.75, ""p_range"": 91.0, ""p_upper_wick_r"": 0.7622377622377622, ""p_lower_wick_r"": 0.7832167832167832, ""wick_penetration"": 0.17482517482517482, ""close_pct_body"": 0.7762237762237763, ""rr_ratio"": 0.9858155748704707, ""session"": 0.0, ""hour_cst"": 18.0}",2026-04-13T22:00:00+00:00,25161.138929582685,1,53.6389
740d42fd-eb68-4967-bcd7-25163906dcae,2026-04-14T00:58:53.566550+00:00,strategy1_wick_rejection,MNQ1,-1,25590.25,25672.14285714286,25530.83753734391,"{""direction"": -1.0, ""strategy"": 1.0, ""p_direction"": 1.0, ""p_body_size"": 18.75, ""p_range"": 33.25, ""p_upper_wick_r"": 0.18666666666666668, ""p_lower_wick_r"": 0.5866666666666667, ""wick_penetration"": 1.16, ""close_pct_body"": 0.5333333333333333, ""rr_ratio"": 0.7254901676278269, ""session"": 0.0, ""hour_cst"": 18.0}",2026-04-14T20:00:00+00:00,25672.14285714286,0,-81.8929
003c2093-14d1-4988-8ab0-5ec97d071b12,2026-04-16T15:52:47.206138+00:00,strategy1_wick_rejection,MNQ1,-1,26486.25,26549.23214285714,26303.029242987806,"{""direction"": -1.0, ""strategy"": 1.0, ""p_direction"": 1.0, ""p_body_size"": 25.0, ""p_range"": 30.75, ""p_upper_wick_r"": 0.21, ""p_lower_wick_r"": 0.02, ""wick_penetration"": 0.08, ""close_pct_body"": 0.17, ""rr_ratio"": 2.9090905564737524, ""session"": 1.0, ""hour_cst"": 2.0}",2026-04-17T14:00:00+00:00,26549.23214285714,0,-62.9821
e2eb8385-5f5c-48c1-b39d-1a56374e7cd3,2026-04-19T22:03:09.175672+00:00,strategy1_wick_rejection,MNQ1,-1,26825.5,26911.071428571428,26658.70087358258,"{""direction"": -1.0, ""strategy"": 1.0, ""p_direction"": 1.0, ""p_body_size"": 95.5, ""p_range"": 141.25, ""p_upper_wick_r"": 0.29842931937172773, ""p_lower_wick_r"": 0.1806282722513089, ""wick_penetration"": 0.22251308900523561, ""close_pct_body"": 0.7643979057591623, ""rr_ratio"": 1.9492385391017422, ""session"": 2.0, ""hour_cst"": 10.0}",2026-04-21T15:00:00+00:00,26658.70087358258,1,166.7991
34620315-c76c-4c3c-bb44-ca3840ae49bd,2026-04-21T15:59:25.185924+00:00,strategy1_wick_rejection,MNQ1,1,26752.5,26687.928571428572,26784.785713951147,"{""direction"": 1.0, ""strategy"": 1.0, ""p_direction"": -1.0, ""p_body_size"": 50.75, ""p_range"": 68.25, ""p_upper_wick_r"": 0.1724137931034483, ""p_lower_wick_r"": 0.1724137931034483, ""wick_penetration"": 1.6798029556650247, ""close_pct_body"": 0.3497536945812808, ""rr_ratio"": 0.49999999481865115, ""session"": 1.0, ""hour_cst"": 8.0}",2026-04-21T15:00:00+00:00,26687.92857142857,0,-64.5714
31556bee-8644-4914-b392-07efe4b60ad9,2026-04-21T16:01:00.801167+00:00,strategy1_wick_rejection,MES1,1,7125.5,7112.107142857143,7134.428570910973,"{""direction"": 1.0, ""strategy"": 1.0, ""p_direction"": -1.0, ""p_body_size"": 11.75, ""p_range"": 16.5, ""p_upper_wick_r"": 0.1276595744680851, ""p_lower_wick_r"": 0.2765957446808511, ""wick_penetration"": 1.1702127659574468, ""close_pct_body"": 0.3191489361702128, ""rr_ratio"": 0.6666666280193129, ""session"": 1.0, ""hour_cst"": 8.0}",2026-04-21T15:00:00+00:00,7134.428570910973,1,8.9286
82bf8d23-7f12-4aed-ba38-e3063e78b001,2026-04-21T16:01:13.874399+00:00,strategy1_wick_rejection,MNQ1,1,26726.25,26661.678571428572,26758.535713951147,"{""direction"": 1.0, ""strategy"": 1.0, ""p_direction"": -1.0, ""p_body_size"": 50.75, ""p_range"": 68.25, ""p_upper_wick_r"": 0.1724137931034483, ""p_lower_wick_r"": 0.1724137931034483, ""wick_penetration"": 1.6798029556650247, ""close_pct_body"": 0.3497536945812808, ""rr_ratio"": 0.49999999481865115, ""session"": 1.0, ""hour_cst"": 8.0}",2026-04-21T15:00:00+00:00,26661.67857142857,0,-64.5714
6a683b5e-f9a9-47ce-b945-32283300d426,2026-04-21T16:01:56.702223+00:00,strategy1_wick_rejection,MES1,1,7125.25,7111.857142857143,7134.178570910973,"{""direction"": 1.0, ""strategy"": 1.0, ""p_direction"": -1.0, ""p_body_size"": 11.75, ""p_range"": 16.5, ""p_upper_wick_r"": 0.1276595744680851, ""p_lower_wick_r"": 0.2765957446808511, ""wick_penetration"": 1.1702127659574468, ""close_pct_body"": 0.3191489361702128, ""rr_ratio"": 0.6666666280193129, ""session"": 1.0, ""hour_cst"": 8.0}",2026-04-21T15:00:00+00:00,7134.178570910973,1,8.9286
f0ed9eac-d582-4cdc-985f-dc4b4e8f92c5,2026-04-21T16:03:00.263981+00:00,strategy1_wick_rejection,MNQ1,1,26721.5,26656.928571428572,26753.785713951147,"{""direction"": 1.0, ""strategy"": 1.0, ""p_direction"": -1.0, ""p_body_size"": 50.75, ""p_range"": 68.25, ""p_upper_wick_r"": 0.1724137931034483, ""p_lower_wick_r"": 0.1724137931034483, ""wick_penetration"": 1.6798029556650247, ""close_pct_body"": 0.3497536945812808, ""rr_ratio"": 0.49999999481865115, ""session"": 1.0, ""hour_cst"": 8.0}",2026-04-21T15:00:00+00:00,26656.92857142857,0,-64.5714
0f65fea2-b6d8-4889-98b9-3072347ce7fa,2026-04-21T16:03:50.154126+00:00,strategy1_wick_rejection,MES1,1,7126.25,7112.857142857143,7135.178570910973,"{""direction"": 1.0, ""strategy"": 1.0, ""p_direction"": -1.0, ""p_body_size"": 11.75, ""p_range"": 16.5, ""p_upper_wick_r"": 0.1276595744680851, ""p_lower_wick_r"": 0.2765957446808511, ""wick_penetration"": 1.1702127659574468, ""close_pct_body"": 0.3191489361702128, ""rr_ratio"": 0.6666666280193129, ""session"": 1.0, ""hour_cst"": 8.0}",2026-04-21T15:00:00+00:00,7135.178570910973,1,8.9286
1f7aac67-2c36-44dd-9a1e-2d341b9c96da,2026-04-21T16:05:54.953988+00:00,strategy1_wick_rejection,MES1,1,7125.0,7111.607142857143,7133.928570910973,"{""direction"": 1.0, ""strategy"": 1.0, ""p_direction"": -1.0, ""p_body_size"": 11.75, ""p_range"": 16.5, ""p_upper_wick_r"": 0.1276595744680851, ""p_lower_wick_r"": 0.2765957446808511, ""wick_penetration"": 1.1702127659574468, ""close_pct_body"": 0.3191489361702128, ""rr_ratio"": 0.6666666280193129, ""session"": 1.0, ""hour_cst"": 8.0}",2026-04-21T16:00:00+00:00,7133.928570910973,1,8.9286
a843bb5d-9c09-49b2-b9fe-fd37709582da,2026-04-21T17:07:18.776350+00:00,strategy1_wick_rejection,MES1,1,7117.25,7102.464285714285,7127.107142285714,"{""direction"": 1.0, ""strategy"": 1.0, ""p_direction"": -1.0, ""p_body_size"": 11.75, ""p_range"": 16.5, ""p_upper_wick_r"": 0.1276595744680851, ""p_lower_wick_r"": 0.2765957446808511, ""wick_penetration"": 1.1702127659574468, ""close_pct_body"": 0.3191489361702128, ""rr_ratio"": 0.6666666280193129, ""session"": 1.0, ""hour_cst"": 8.0}",2026-04-21T17:00:00+00:00,7127.107142285714,1,9.8571
20414277-9fc2-4136-95e4-29141a06338e,2026-04-21T18:07:59.252638+00:00,strategy1_wick_rejection,MES1,1,7115.5,7098.339285714285,7126.94047552726,"{""direction"": 1.0, ""strategy"": 1.0, ""p_direction"": -1.0, ""p_body_size"": 11.75, ""p_range"": 16.5, ""p_upper_wick_r"": 0.1276595744680851, ""p_lower_wick_r"": 0.2765957446808511, ""wick_penetration"": 1.1702127659574468, ""close_pct_body"": 0.3191489361702128, ""rr_ratio"": 0.6666666280193129, ""session"": 1.0, ""hour_cst"": 8.0}",2026-04-21T18:00:00+00:00,7126.94047552726,1,11.4405
5a825528-ae5d-446c-94dd-3b27f1c21f75,2026-04-21T19:06:24.495307+00:00,strategy1_wick_rejection,MNQ1,1,26704.25,26617.839285714286,26780.27921396829,"{""direction"": 1.0, ""strategy"": 1.0, ""p_direction"": -1.0, ""p_body_size"": 62.25, ""p_range"": 114.5, ""p_upper_wick_r"": 0.7991967871485943, ""p_lower_wick_r"": 0.040160642570281124, ""wick_penetration"": 1.0963855421686748, ""close_pct_body"": 0.4578313253012048, ""rr_ratio"": 0.8798586448076474, ""session"": 2.0, ""hour_cst"": 12.0}",2026-04-21T18:00:00+00:00,26617.839285714286,0,-86.4107
8add9af6-b318-4195-8a95-0c77b4719cf8,2026-04-21T19:07:19.817429+00:00,strategy1_wick_rejection,MES1,1,7120.0,7101.535714285715,7132.482896681044,"{""direction"": 1.0, ""strategy"": 1.0, ""p_direction"": -1.0, ""p_body_size"": 11.75, ""p_range"": 24.75, ""p_upper_wick_r"": 1.0, ""p_lower_wick_r"": 0.10638297872340426, ""wick_penetration"": 1.425531914893617, ""close_pct_body"": 0.1702127659574468, ""rr_ratio"": 0.6760562999404772, ""session"": 2.0, ""hour_cst"": 12.0}",2026-04-21T19:00:00+00:00,7132.482896681044,1,12.4829
474ae99d-d6e1-494c-94b5-86ec804a8606,2026-04-21T20:06:30.019083+00:00,strategy1_wick_rejection,MNQ1,1,26611.75,26510.375,26700.945670117377,"{""direction"": 1.0, ""strategy"": 1.0, ""p_direction"": -1.0, ""p_body_size"": 62.25, ""p_range"": 114.5, ""p_upper_wick_r"": 0.7991967871485943, ""p_lower_wick_r"": 0.040160642570281124, ""wick_penetration"": 1.0963855421686748, ""close_pct_body"": 0.4578313253012048, ""rr_ratio"": 0.8798586448076474, ""session"": 2.0, ""hour_cst"": 12.0}",2026-04-21T19:00:00+00:00,26510.375,0,-101.375
b842ba61-7d0b-4836-b98e-fcf3bca1917f,2026-04-21T20:07:46.725749+00:00,strategy1_wick_rejection,MES1,1,7099.5,7077.589285714285,7114.312876429053,"{""direction"": 1.0, ""strategy"": 1.0, ""p_direction"": -1.0, ""p_body_size"": 11.75, ""p_range"": 24.75, ""p_upper_wick_r"": 1.0, ""p_lower_wick_r"": 0.10638297872340426, ""wick_penetration"": 1.425531914893617, ""close_pct_body"": 0.1702127659574468, ""rr_ratio"": 0.6760562999404772, ""session"": 2.0, ""hour_cst"": 12.0}",2026-04-22T14:00:00+00:00,7114.312876429053,1,14.8129
a4b193c2-4bb8-4be9-85a6-2f97935afb32,2026-04-22T14:16:30.369346+00:00,strategy1_wick_rejection,MES1,-1,7149.25,7160.285714285715,7146.898126617922,"{""direction"": -1.0, ""strategy"": 1.0, ""p_direction"": 1.0, ""p_body_size"": 3.25, ""p_range"": 7.5, ""p_upper_wick_r"": 0.3076923076923077, ""p_lower_wick_r"": 1.0, ""wick_penetration"": 4.384615384615385, ""close_pct_body"": 0.07692307692307693, ""rr_ratio"": 0.21311474012361886, ""session"": 1.0, ""hour_cst"": 7.0}",2026-04-22T14:00:00+00:00,7160.285714285715,0,-11.0357
236cab66-1abb-4237-8df2-b3714eccaf92,2026-04-22T15:10:51.315834+00:00,strategy1_wick_rejection,MES1,-1,7156.75,7168.160714285715,7154.318208590375,"{""direction"": -1.0, ""strategy"": 1.0, ""p_direction"": 1.0, ""p_body_size"": 3.25, ""p_range"": 7.5, ""p_upper_wick_r"": 0.3076923076923077, ""p_lower_wick_r"": 1.0, ""wick_penetration"": 4.384615384615385, ""close_pct_body"": 0.07692307692307693, ""rr_ratio"": 0.21311474012361886, ""session"": 1.0, ""hour_cst"": 7.0}",2026-04-22T18:00:00+00:00,7168.160714285715,0,-11.4107
61d758b9-6865-4b46-b8bf-1dd63dc8d4f0,2026-04-22T18:58:07.252975+00:00,strategy1_wick_rejection,MES1,-1,7158.0,7171.517857142857,7155.119145387972,"{""direction"": -1.0, ""strategy"": 1.0, ""p_direction"": 1.0, ""p_body_size"": 3.25, ""p_range"": 7.5, ""p_upper_wick_r"": 0.3076923076923077, ""p_lower_wick_r"": 1.0, ""wick_penetration"": 4.384615384615385, ""close_pct_body"": 0.07692307692307693, ""rr_ratio"": 0.21311474012361886, ""session"": 1.0, ""hour_cst"": 7.0}",2026-04-22T19:00:00+00:00,7155.119145387972,1,2.8809
bad9a9fd-73ee-415e-9be9-b99e4f57d14d,2026-04-22T19:32:33.543173+00:00,strategy1_wick_rejection,MES1,-1,7161.0,7174.089285714285,7158.210480276596,"{""direction"": -1.0, ""strategy"": 1.0, ""p_direction"": 1.0, ""p_body_size"": 3.25, ""p_range"": 7.5, ""p_upper_wick_r"": 0.3076923076923077, ""p_lower_wick_r"": 1.0, ""wick_penetration"": 4.384615384615385, ""close_pct_body"": 0.07692307692307693, ""rr_ratio"": 0.21311474012361886, ""session"": 1.0, ""hour_cst"": 7.0}",2026-04-22T19:00:00+00:00,7174.089285714285,0,-13.0893
01441987-812d-439b-975b-19a29163253c,2026-04-22T19:39:34.230828+00:00,strategy1_wick_rejection,MES1,-1,7162.5,7175.660714285715,7159.695257795159,"{""direction"": -1.0, ""strategy"": 1.0, ""p_direction"": 1.0, ""p_body_size"": 3.25, ""p_range"": 7.5, ""p_upper_wick_r"": 0.3076923076923077, ""p_lower_wick_r"": 1.0, ""wick_penetration"": 4.384615384615385, ""close_pct_body"": 0.07692307692307693, ""rr_ratio"": 0.21311474012361886, ""session"": 1.0, ""hour_cst"": 7.0}",2026-04-22T19:00:00+00:00,7159.695257795159,1,2.8047
4a183add-e55e-42c6-8d05-b719f323b5e0,2026-04-22T19:45:45.375842+00:00,strategy1_wick_rejection,MES1,-1,7160.0,7173.160714285715,7157.195257795159,"{""direction"": -1.0, ""strategy"": 1.0, ""p_direction"": 1.0, ""p_body_size"": 3.25, ""p_range"": 7.5, ""p_upper_wick_r"": 0.3076923076923077, ""p_lower_wick_r"": 1.0, ""wick_penetration"": 4.384615384615385, ""close_pct_body"": 0.07692307692307693, ""rr_ratio"": 0.21311474012361886, ""session"": 1.0, ""hour_cst"": 7.0}",2026-04-22T19:00:00+00:00,7157.195257795159,1,2.8047
1aebf48e-802a-468b-94ef-45d6ce4ec99a,2026-04-22T20:02:50.389111+00:00,strategy1_wick_rejection,MES1,-1,7166.0,7179.571428571428,7163.107728526894,"{""direction"": -1.0, ""strategy"": 1.0, ""p_direction"": 1.0, ""p_body_size"": 3.25, ""p_range"": 7.5, ""p_upper_wick_r"": 0.3076923076923077, ""p_lower_wick_r"": 1.0, ""wick_penetration"": 4.384615384615385, ""close_pct_body"": 0.07692307692307693, ""rr_ratio"": 0.21311474012361886, ""session"": 1.0, ""hour_cst"": 7.0}",2026-04-22T20:00:00+00:00,7163.107728526894,1,2.8923
ee18b586-c31a-4e32-bb0c-024de9371d69,2026-04-23T13:31:14.952566+00:00,strategy1_wick_rejection,MES1,1,7151.5,7133.392857142857,7183.187495473214,"{""direction"": 1.0, ""strategy"": 1.0, ""p_direction"": -1.0, ""p_body_size"": 12.0, ""p_range"": 15.75, ""p_upper_wick_r"": 0.125, ""p_lower_wick_r"": 0.1875, ""wick_penetration"": 0.4166666666666667, ""close_pct_body"": 0.16666666666666666, ""rr_ratio"": 1.7499997499999511, ""session"": 1.0, ""hour_cst"": 4.0}",2026-04-23T17:00:00+00:00,7133.392857142857,0,-18.1071
93c20f7d-fab3-4b29-aee9-c3e3f1284994,2026-04-23T14:06:56.910534+00:00,strategy1_wick_rejection,MES1,-1,7162.5,7181.714285714285,7135.3493812429115,"{""direction"": -1.0, ""strategy"": 1.0, ""p_direction"": 1.0, ""p_body_size"": 16.5, ""p_range"": 26.5, ""p_upper_wick_r"": 0.15151515151515152, ""p_lower_wick_r"": 0.45454545454545453, ""wick_penetration"": 0.5303030303030303, ""close_pct_body"": 0.6212121212121212, ""rr_ratio"": 1.4130433553874928, ""session"": 1.0, ""hour_cst"": 7.0}",2026-04-23T17:00:00+00:00,7135.349381242912,1,27.1506
c707b0f7-11e0-486d-9a8a-f6b45f1f8da2,2026-04-23T15:07:21.879357+00:00,strategy1_wick_rejection,MES1,-1,7176.25,7193.464285714285,7151.925467953687,"{""direction"": -1.0, ""strategy"": 1.0, ""p_direction"": 1.0, ""p_body_size"": 16.5, ""p_range"": 26.5, ""p_upper_wick_r"": 0.15151515151515152, ""p_lower_wick_r"": 0.45454545454545453, ""wick_penetration"": 0.5303030303030303, ""close_pct_body"": 0.6212121212121212, ""rr_ratio"": 1.4130433553874928, ""session"": 1.0, ""hour_cst"": 7.0}",2026-04-23T17:00:00+00:00,7151.925467953687,1,24.3245
8ecf6448-a649-4aae-8475-fc917a4df1f6,2026-04-23T16:07:42.558488+00:00,strategy1_wick_rejection,MES1,-1,7169.0,7186.321428571428,7144.5240704513235,"{""direction"": -1.0, ""strategy"": 1.0, ""p_direction"": 1.0, ""p_body_size"": 16.5, ""p_range"": 26.5, ""p_upper_wick_r"": 0.15151515151515152, ""p_lower_wick_r"": 0.45454545454545453, ""wick_penetration"": 0.5303030303030303, ""close_pct_body"": 0.6212121212121212, ""rr_ratio"": 1.4130433553874928, ""session"": 1.0, ""hour_cst"": 7.0}",2026-04-23T17:00:00+00:00,7144.524070451324,1,24.4759
325f529f-52f8-4186-9f0d-a71fc51db16d,2026-04-23T17:07:41.550194+00:00,strategy1_wick_rejection,MES1,-1,7169.25,7186.535714285715,7144.824536285445,"{""direction"": -1.0, ""strategy"": 1.0, ""p_direction"": 1.0, ""p_body_size"": 16.5, ""p_range"": 26.5, ""p_upper_wick_r"": 0.15151515151515152, ""p_lower_wick_r"": 0.45454545454545453, ""wick_penetration"": 0.5303030303030303, ""close_pct_body"": 0.6212121212121212, ""rr_ratio"": 1.4130433553874928, ""session"": 1.0, ""hour_cst"": 7.0}",2026-04-23T17:00:00+00:00,7144.824536285445,1,24.4255
853804cb-02d8-446e-bb42-604584ff4dcc,2026-04-27T16:50:35.909236+00:00,strategy1_wick_rejection,MES1,-1,7197.5,7206.928571428572,7178.642862530613,"{""direction"": -1.0, ""strategy"": 1.0, ""p_direction"": 1.0, ""p_body_size"": 7.0, ""p_range"": 18.25, ""p_upper_wick_r"": 0.42857142857142855, ""p_lower_wick_r"": 1.1785714285714286, ""wick_penetration"": 0.07142857142857142, ""close_pct_body"": 0.32142857142857145, ""rr_ratio"": 1.9999994285713985, ""session"": 2.0, ""hour_cst"": 9.0}",2026-04-27T20:00:00+00:00,7206.928571428572,0,-9.4286
2bd228b1-27e7-4aa0-93b4-c3ad20c9de88,2026-04-27T16:50:37.530897+00:00,strategy1_wick_rejection,MES1,-1,7197.25,7206.678571428572,7178.392862530613,"{""direction"": -1.0, ""strategy"": 1.0, ""p_direction"": 1.0, ""p_body_size"": 7.0, ""p_range"": 18.25, ""p_upper_wick_r"": 0.42857142857142855, ""p_lower_wick_r"": 1.1785714285714286, ""wick_penetration"": 0.07142857142857142, ""close_pct_body"": 0.32142857142857145, ""rr_ratio"": 1.9999994285713985, ""session"": 2.0, ""hour_cst"": 9.0}",2026-04-27T20:00:00+00:00,7206.678571428572,0,-9.4286
bc4d920c-5647-497e-bf15-1d22a0cfd1ce,2026-04-27T21:09:25.552649+00:00,strategy1_wick_rejection,MES1,-1,7205.5,7215.321428571428,7185.857148469388,"{""direction"": -1.0, ""strategy"": 1.0, ""p_direction"": 1.0, ""p_body_size"": 7.0, ""p_range"": 18.25, ""p_upper_wick_r"": 0.42857142857142855, ""p_lower_wick_r"": 1.1785714285714286, ""wick_penetration"": 0.07142857142857142, ""close_pct_body"": 0.32142857142857145, ""rr_ratio"": 1.9999994285713985, ""session"": 2.0, ""hour_cst"": 9.0}",2026-04-29T18:00:00+00:00,7185.857148469388,1,19.6429
7b41ee6a-48b1-4c6c-859a-c436ec3ba422,2026-05-01T21:08:35.062075+00:00,strategy1_wick_rejection,MES1,1,7248.0,7231.285714285715,7283.2857090582,"{""direction"": 1.0, ""strategy"": 1.0, ""p_direction"": -1.0, ""p_body_size"": 14.5, ""p_range"": 26.25, ""p_upper_wick_r"": 0.5344827586206896, ""p_lower_wick_r"": 0.27586206896551724, ""wick_penetration"": 0.1724137931034483, ""close_pct_body"": 0.46551724137931033, ""rr_ratio"": 2.1111107983538497, ""session"": 2.0, ""hour_cst"": 10.0}",2026-05-05T14:00:00+00:00,7283.2857090582,1,35.2857
65bfb71d-16ec-4239-992c-763d00ab9a72,2026-05-04T01:33:18.465542+00:00,strategy1_wick_rejection,MES1,1,7258.0,7241.285714285715,7293.2857090582,"{""direction"": 1.0, ""strategy"": 1.0, ""p_direction"": -1.0, ""p_body_size"": 14.5, ""p_range"": 26.25, ""p_upper_wick_r"": 0.5344827586206896, ""p_lower_wick_r"": 0.27586206896551724, ""wick_penetration"": 0.1724137931034483, ""close_pct_body"": 0.46551724137931033, ""rr_ratio"": 2.1111107983538497, ""session"": 2.0, ""hour_cst"": 10.0}",2026-05-01T20:00:00+00:00,7241.285714285715,0,-16.7143
f663eada-abce-4637-bc59-5e01e2b23bb3,2026-05-04T01:35:07.642095+00:00,strategy1_wick_rejection,MES1,1,7258.0,7241.285714285715,7293.2857090582,"{""direction"": 1.0, ""strategy"": 1.0, ""p_direction"": -1.0, ""p_body_size"": 14.5, ""p_range"": 26.25, ""p_upper_wick_r"": 0.5344827586206896, ""p_lower_wick_r"": 0.27586206896551724, ""wick_penetration"": 0.1724137931034483, ""close_pct_body"": 0.46551724137931033, ""rr_ratio"": 2.1111107983538497, ""session"": 2.0, ""hour_cst"": 10.0}",2026-05-01T20:00:00+00:00,7241.285714285715,0,-16.7143
2626df70-18df-4203-b82a-117c9641eddc,2026-05-04T02:16:04.429352+00:00,strategy1_wick_rejection,MES1,1,7258.0,7241.285714285715,7293.2857090582,"{""direction"": 1.0, ""strategy"": 1.0, ""p_direction"": -1.0, ""p_body_size"": 14.5, ""p_range"": 26.25, ""p_upper_wick_r"": 0.5344827586206896, ""p_lower_wick_r"": 0.27586206896551724, ""wick_penetration"": 0.1724137931034483, ""close_pct_body"": 0.46551724137931033, ""rr_ratio"": 2.1111107983538497, ""session"": 2.0, ""hour_cst"": 10.0}",2026-05-01T20:00:00+00:00,7241.285714285715,0,-16.7143
3d7ad97b-8d7f-4bac-a8eb-4bcbee50452d,2026-05-04T03:03:39.317891+00:00,strategy1_wick_rejection,MES1,1,7258.0,7241.285714285715,7293.2857090582,"{""direction"": 1.0, ""strategy"": 1.0, ""p_direction"": -1.0, ""p_body_size"": 14.5, ""p_range"": 26.25, ""p_upper_wick_r"": 0.5344827586206896, ""p_lower_wick_r"": 0.27586206896551724, ""wick_penetration"": 0.1724137931034483, ""close_pct_body"": 0.46551724137931033, ""rr_ratio"": 2.1111107983538497, ""session"": 2.0, ""hour_cst"": 10.0}",2026-05-05T19:00:00+00:00,7293.2857090582,1,35.2857
fc6c689c-7dd6-42e4-b014-1a5e4ede56ae,2026-05-06T17:59:05.139294+00:00,strategy1_wick_rejection,MNQ1,-1,28596.5,28696.339285714286,28540.14899349503,"{""direction"": -1.0, ""strategy"": 1.0, ""p_direction"": 1.0, ""p_body_size"": 22.75, ""p_range"": 68.75, ""p_upper_wick_r"": 1.164835164835165, ""p_lower_wick_r"": 0.8571428571428571, ""wick_penetration"": 0.6373626373626373, ""close_pct_body"": 0.07692307692307693, ""rr_ratio"": 0.5644171640633778, ""session"": 2.0, ""hour_cst"": 11.0}",2026-05-06T17:00:00+00:00,28540.14899349503,1,56.351
905acb55-bb64-4169-9341-2d64eb2280f3,2026-05-06T18:06:29.626942+00:00,strategy1_wick_rejection,MNQ1,-1,28597.75,28697.589285714286,28541.39899349503,"{""direction"": -1.0, ""strategy"": 1.0, ""p_direction"": 1.0, ""p_body_size"": 22.75, ""p_range"": 68.75, ""p_upper_wick_r"": 1.164835164835165, ""p_lower_wick_r"": 0.8571428571428571, ""wick_penetration"": 0.6373626373626373, ""close_pct_body"": 0.07692307692307693, ""rr_ratio"": 0.5644171640633778, ""session"": 2.0, ""hour_cst"": 11.0}",2026-05-08T03:00:00+00:00,28697.589285714286,0,-99.8393
5a417c61-8f54-435a-9294-98c0e62281a9,2026-05-08T03:22:39.246136+00:00,strategy1_wick_rejection,MNQ1,-1,28754.5,28862.589285714286,28693.492551891508,"{""direction"": -1.0, ""strategy"": 1.0, ""p_direction"": 1.0, ""p_body_size"": 22.75, ""p_range"": 68.75, ""p_upper_wick_r"": 1.164835164835165, ""p_lower_wick_r"": 0.8571428571428571, ""wick_penetration"": 0.6373626373626373, ""close_pct_body"": 0.07692307692307693, ""rr_ratio"": 0.5644171640633778, ""session"": 2.0, ""hour_cst"": 11.0}",2026-05-08T18:00:00+00:00,28862.589285714286,0,-108.0893
eabea34d-b61d-43ad-9063-1b1fbd9a2dd3,2026-05-08T03:23:26.066609+00:00,strategy1_wick_rejection,MES1,-1,7375.5,7394.142857142857,6564.537336211591,"{""direction"": -1.0, ""strategy"": 1.0, ""p_direction"": 1.0, ""p_body_size"": 21.5, ""p_range"": 22.25, ""p_upper_wick_r"": 0.011627906976744186, ""p_lower_wick_r"": 0.023255813953488372, ""wick_penetration"": 0.023255813953488372, ""close_pct_body"": 0.011627906976744186, ""rr_ratio"": 43.499913000144545, ""session"": 2.0, ""hour_cst"": 10.0}",2026-05-08T18:00:00+00:00,7394.142857142857,0,-18.6429
8eaae3cd-bd3c-470a-8cbd-c671fa4419f2,2026-05-08T18:56:53.348146+00:00,strategy1_wick_rejection,MNQ1,-1,29269.25,29346.410714285714,29189.252497100766,"{""direction"": -1.0, ""strategy"": 1.0, ""p_direction"": 1.0, ""p_body_size"": 34.25, ""p_range"": 44.75, ""p_upper_wick_r"": 0.20437956204379562, ""p_lower_wick_r"": 0.10218978102189781, ""wick_penetration"": 0.8175182481751825, ""close_pct_body"": 0.7153284671532847, ""rr_ratio"": 1.0367646753892639, ""session"": 1.0, ""hour_cst"": 4.0}",2026-05-11T17:00:00+00:00,29346.410714285717,0,-77.1607
70be8eb7-d23c-49f8-9875-e4da7e856376,2026-05-08T18:56:56.843687+00:00,strategy1_wick_rejection,MNQ1,-1,29271.25,29348.410714285714,29191.252497100766,"{""direction"": -1.0, ""strategy"": 1.0, ""p_direction"": 1.0, ""p_body_size"": 34.25, ""p_range"": 44.75, ""p_upper_wick_r"": 0.20437956204379562, ""p_lower_wick_r"": 0.10218978102189781, ""wick_penetration"": 0.8175182481751825, ""close_pct_body"": 0.7153284671532847, ""rr_ratio"": 1.0367646753892639, ""session"": 1.0, ""hour_cst"": 4.0}",2026-05-11T17:00:00+00:00,29348.410714285717,0,-77.1607
f56006d1-2771-42b5-9932-8503be8b2a3d,2026-05-08T19:02:36.265556+00:00,strategy1_wick_rejection,MNQ1,-1,29271.25,29348.410714285714,29191.252497100766,"{""direction"": -1.0, ""strategy"": 1.0, ""p_direction"": 1.0, ""p_body_size"": 34.25, ""p_range"": 44.75, ""p_upper_wick_r"": 0.20437956204379562, ""p_lower_wick_r"": 0.10218978102189781, ""wick_penetration"": 0.8175182481751825, ""close_pct_body"": 0.7153284671532847, ""rr_ratio"": 1.0367646753892639, ""session"": 1.0, ""hour_cst"": 4.0}",2026-05-11T17:00:00+00:00,29348.410714285717,0,-77.1607
4051eaa0-3f1e-4162-be81-f4ec0349cdd6,2026-05-08T20:05:43.053873+00:00,strategy1_wick_rejection,MNQ1,-1,29320.75,29402.535714285714,29235.957460477093,"{""direction"": -1.0, ""strategy"": 1.0, ""p_direction"": 1.0, ""p_body_size"": 34.25, ""p_range"": 44.75, ""p_upper_wick_r"": 0.20437956204379562, ""p_lower_wick_r"": 0.10218978102189781, ""wick_penetration"": 0.8175182481751825, ""close_pct_body"": 0.7153284671532847, ""rr_ratio"": 1.0367646753892639, ""session"": 1.0, ""hour_cst"": 4.0}",2026-05-11T17:00:00+00:00,29402.535714285717,0,-81.7857
c16bb3b2-4326-46a3-bf81-8fee9d0ed1b0,2026-05-11T13:34:46.095145+00:00,strategy1_wick_rejection,MNQ1,-1,29304.75,29368.946428571428,29178.52107308894,"{""direction"": -1.0, ""strategy"": 1.0, ""p_direction"": 1.0, ""p_body_size"": 44.25, ""p_range"": 108.0, ""p_upper_wick_r"": 0.3107344632768362, ""p_lower_wick_r"": 1.1299435028248588, ""wick_penetration"": 0.1807909604519774, ""close_pct_body"": 0.9548022598870056, ""rr_ratio"": 1.9662920464587545, ""session"": 0.0, ""hour_cst"": 21.0}",2026-05-11T17:00:00+00:00,29368.946428571428,0,-64.1964
32f31933-0fb7-48e5-a184-e1b7d8c82a97,2026-05-14T20:45:01.587076+00:00,strategy1_wick_rejection,MES1,-1,7520.75,7537.607142857143,7493.778578620953,"{""direction"": -1.0, ""strategy"": 1.0, ""p_direction"": 1.0, ""p_body_size"": 6.0, ""p_range"": 17.0, ""p_upper_wick_r"": 0.08333333333333333, ""p_lower_wick_r"": 1.75, ""wick_penetration"": 0.5416666666666666, ""close_pct_body"": 0.75, ""rr_ratio"": 1.5999995733333026, ""session"": 2.0, ""hour_cst"": 14.0}",2026-05-26T23:00:00+00:00,7537.607142857143,0,-16.8571
0d4c36b8-66cc-49ea-b2e4-8f98ae090b76,2026-05-26T23:45:55.967190+00:00,strategy1_wick_rejection,MES1,1,7537.25,7523.071428571428,7560.880946079365,"{""direction"": 1.0, ""strategy"": 1.0, ""p_direction"": -1.0, ""p_body_size"": 6.5, ""p_range"": 9.75, ""p_upper_wick_r"": 0.23076923076923078, ""p_lower_wick_r"": 0.2692307692307692, ""wick_penetration"": 0.2692307692307692, ""close_pct_body"": 0.07692307692307693, ""rr_ratio"": 1.6666662222221902, ""session"": 0.0, ""hour_cst"": 17.0}",2026-05-29T20:00:00+00:00,7560.880946079365,1,23.6309
e9fca2bb-795d-4474-a22d-0ff1f30d5588,2026-05-26T23:46:25.642302+00:00,strategy1_wick_rejection,MES1,1,7536.75,7522.571428571428,7560.380946079365,"{""direction"": 1.0, ""strategy"": 1.0, ""p_direction"": -1.0, ""p_body_size"": 6.5, ""p_range"": 9.75, ""p_upper_wick_r"": 0.23076923076923078, ""p_lower_wick_r"": 0.2692307692307692, ""wick_penetration"": 0.2692307692307692, ""close_pct_body"": 0.07692307692307693, ""rr_ratio"": 1.6666662222221902, ""session"": 0.0, ""hour_cst"": 17.0}",2026-05-29T20:00:00+00:00,7560.380946079365,1,23.6309
2814e50e-cbe6-42b2-a1a8-22dc1c0987df,2026-05-26T23:48:33.536138+00:00,strategy1_wick_rejection,MES1,1,7537.5,7523.321428571428,7561.130946079365,"{""direction"": 1.0, ""strategy"": 1.0, ""p_direction"": -1.0, ""p_body_size"": 6.5, ""p_range"": 9.75, ""p_upper_wick_r"": 0.23076923076923078, ""p_lower_wick_r"": 0.2692307692307692, ""wick_penetration"": 0.2692307692307692, ""close_pct_body"": 0.07692307692307693, ""rr_ratio"": 1.6666662222221902, ""session"": 0.0, ""hour_cst"": 17.0}",2026-05-29T20:00:00+00:00,7561.130946079365,1,23.6309
4e4600c2-e1c9-4466-9d01-068fc54e5c82,2026-06-01T23:59:41.031946+00:00,strategy1_wick_rejection,MNQ1,1,30447.0,30348.178571428572,30856.010867252746,"{""direction"": 1.0, ""strategy"": 1.0, ""p_direction"": -1.0, ""p_body_size"": 37.75, ""p_range"": 58.5, ""p_upper_wick_r"": 0.33112582781456956, ""p_lower_wick_r"": 0.2185430463576159, ""wick_penetration"": 0.006622516556291391, ""close_pct_body"": 0.847682119205298, ""rr_ratio"": 4.138888429012241, ""session"": 1.0, ""hour_cst"": 5.0}",2026-06-04T23:00:00+00:00,30348.17857142857,0,-98.8214
7179f3a0-9dfa-40c8-bc9d-0248303d3f3d,2026-06-02T00:00:28.906681+00:00,strategy1_wick_rejection,MES1,-1,7593.0,7608.785714285715,7578.383600048991,"{""direction"": -1.0, ""strategy"": 1.0, ""p_direction"": 1.0, ""p_body_size"": 6.5, ""p_range"": 7.75, ""p_upper_wick_r"": 0.19230769230769232, ""p_lower_wick_r"": 0.0, ""wick_penetration"": 0.8076923076923077, ""close_pct_body"": 0.6538461538461539, ""rr_ratio"": 0.9259257887516885, ""session"": 1.0, ""hour_cst"": 6.0}",2026-06-03T02:00:00+00:00,7608.785714285715,0,-15.7857
a0cc6582-cfa3-4645-96e2-76410550bbb7,2026-06-02T00:02:10.670538+00:00,strategy1_wick_rejection,MNQ1,1,30449.0,30350.178571428572,30858.010867252746,"{""direction"": 1.0, ""strategy"": 1.0, ""p_direction"": -1.0, ""p_body_size"": 37.75, ""p_range"": 58.5, ""p_upper_wick_r"": 0.33112582781456956, ""p_lower_wick_r"": 0.2185430463576159, ""wick_penetration"": 0.006622516556291391, ""close_pct_body"": 0.847682119205298, ""rr_ratio"": 4.138888429012241, ""session"": 1.0, ""hour_cst"": 5.0}",2026-06-04T23:00:00+00:00,30350.17857142857,0,-98.8214
a40a80aa-5987-4192-91a5-180c77a3d861,2026-06-02T00:03:01.313589+00:00,strategy1_wick_rejection,MES1,-1,7593.0,7608.785714285715,7578.383600048991,"{""direction"": -1.0, ""strategy"": 1.0, ""p_direction"": 1.0, ""p_body_size"": 6.5, ""p_range"": 7.75, ""p_upper_wick_r"": 0.19230769230769232, ""p_lower_wick_r"": 0.0, ""wick_penetration"": 0.8076923076923077, ""close_pct_body"": 0.6538461538461539, ""rr_ratio"": 0.9259257887516885, ""session"": 1.0, ""hour_cst"": 6.0}",2026-06-03T02:00:00+00:00,7608.785714285715,0,-15.7857
da8ddbfd-8285-4f8f-a789-31878bc21ccd,2026-06-02T01:42:22.613178+00:00,strategy1_wick_rejection,MNQ1,1,30382.25,30280.035714285714,30805.30352442261,"{""direction"": 1.0, ""strategy"": 1.0, ""p_direction"": -1.0, ""p_body_size"": 37.75, ""p_range"": 58.5, ""p_upper_wick_r"": 0.33112582781456956, ""p_lower_wick_r"": 0.2185430463576159, ""wick_penetration"": 0.006622516556291391, ""close_pct_body"": 0.847682119205298, ""rr_ratio"": 4.138888429012241, ""session"": 1.0, ""hour_cst"": 5.0}",2026-06-04T23:00:00+00:00,30280.035714285717,0,-102.2143
a181abef-809d-474b-bc6e-0760f1a3a8c9,2026-06-02T01:43:11.308293+00:00,strategy1_wick_rejection,MES1,-1,7583.5,7599.857142857143,7568.354499598276,"{""direction"": -1.0, ""strategy"": 1.0, ""p_direction"": 1.0, ""p_body_size"": 6.5, ""p_range"": 7.75, ""p_upper_wick_r"": 0.19230769230769232, ""p_lower_wick_r"": 0.0, ""wick_penetration"": 0.8076923076923077, ""close_pct_body"": 0.6538461538461539, ""rr_ratio"": 0.9259257887516885, ""session"": 1.0, ""hour_cst"": 6.0}",2026-06-03T02:00:00+00:00,7599.857142857143,0,-16.3571
6885beb6-b033-4b10-a229-e3edc1df8019,2026-06-03T02:34:06.890963+00:00,strategy1_wick_rejection,MNQ1,1,30667.75,30584.51785714286,30841.150291839036,"{""direction"": 1.0, ""strategy"": 1.0, ""p_direction"": -1.0, ""p_body_size"": 63.5, ""p_range"": 94.5, ""p_upper_wick_r"": 0.19291338582677164, ""p_lower_wick_r"": 0.2952755905511811, ""wick_penetration"": 0.16141732283464566, ""close_pct_body"": 0.1732283464566929, ""rr_ratio"": 2.0833332638888677, ""session"": 2.0, ""hour_cst"": 13.0}",2026-06-04T00:00:00+00:00,30584.51785714286,0,-83.2321
bfe26a34-b96e-45a9-bb1e-d214dab6c926,2026-06-08T01:02:42.024947+00:00,strategy1_wick_rejection,MNQ1,1,29205.75,28999.964285714286,29359.97959117904,"{""direction"": 1.0, ""strategy"": 1.0, ""p_direction"": -1.0, ""p_body_size"": 175.0, ""p_range"": 236.75, ""p_upper_wick_r"": 0.11142857142857143, ""p_lower_wick_r"": 0.24142857142857144, ""wick_penetration"": 1.1028571428571428, ""close_pct_body"": 0.05714285714285714, ""rr_ratio"": 0.7494669477634661, ""session"": 3.0, ""hour_cst"": 15.0}",2026-06-08T13:00:00+00:00,29359.97959117904,1,154.2296
06ccebf9-6b46-40e7-ba26-646f781cdc3d,2026-06-08T14:04:29.714530+00:00,strategy1_wick_rejection,MNQ1,1,29537.75,29381.60714285714,29887.923309028512,"{""direction"": 1.0, ""strategy"": 1.0, ""p_direction"": -1.0, ""p_body_size"": 79.0, ""p_range"": 110.75, ""p_upper_wick_r"": 0.15822784810126583, ""p_lower_wick_r"": 0.24367088607594936, ""wick_penetration"": 0.1518987341772152, ""close_pct_body"": 0.8132911392405063, ""rr_ratio"": 2.2426469928633015, ""session"": 1.0, ""hour_cst"": 4.0}",2026-06-10T23:00:00+00:00,29381.60714285714,0,-156.1429
7718063f-942c-4360-ae17-854d2bf280ff,2026-06-08T23:30:34.609890+00:00,strategy1_wick_rejection,MNQ1,-1,29438.75,29595.25,28670.95865816228,"{""direction"": -1.0, ""strategy"": 1.0, ""p_direction"": 1.0, ""p_body_size"": 326.25, ""p_range"": 349.5, ""p_upper_wick_r"": 0.013793103448275862, ""p_lower_wick_r"": 0.05747126436781609, ""wick_penetration"": 0.1900383141762452, ""close_pct_body"": 0.7961685823754789, ""rr_ratio"": 4.906014963819299, ""session"": 2.0, ""hour_cst"": 10.0}",2026-06-10T23:00:00+00:00,28670.95865816228,1,767.7913
8a455582-46b6-45c4-9d68-e8f4e4d42271,2026-06-09T00:06:54.379607+00:00,strategy1_wick_rejection,MNQ1,-1,29405.5,29564.660714285714,28624.65515406212,"{""direction"": -1.0, ""strategy"": 1.0, ""p_direction"": 1.0, ""p_body_size"": 326.25, ""p_range"": 349.5, ""p_upper_wick_r"": 0.013793103448275862, ""p_lower_wick_r"": 0.05747126436781609, ""wick_penetration"": 0.1900383141762452, ""close_pct_body"": 0.7961685823754789, ""rr_ratio"": 4.906014963819299, ""session"": 2.0, ""hour_cst"": 10.0}",2026-06-10T23:00:00+00:00,28624.65515406212,1,780.8448
9d91d179-a5cc-4024-b89c-a3fb23e161cc,2026-06-10T23:20:22.305474+00:00,strategy1_wick_rejection,MNQ1,1,28339.75,28112.01785714286,28647.496135971607,"{""direction"": 1.0, ""strategy"": 1.0, ""p_direction"": -1.0, ""p_body_size"": 137.75, ""p_range"": 231.75, ""p_upper_wick_r"": 0.29945553539019965, ""p_lower_wick_r"": 0.38294010889292196, ""wick_penetration"": 0.35390199637023595, ""close_pct_body"": 0.4537205081669691, ""rr_ratio"": 1.3513513380702527, ""session"": 2.0, ""hour_cst"": 12.0}",2026-06-11T01:00:00+00:00,28647.496135971607,1,307.7461
6e7e0e27-4354-4244-9b13-3b72cbd47e61,2026-06-10T23:21:04.879806+00:00,strategy1_wick_rejection,MES1,1,7243.0,7206.446428571428,7266.759820478178,"{""direction"": 1.0, ""strategy"": 1.0, ""p_direction"": -1.0, ""p_body_size"": 16.25, ""p_range"": 31.5, ""p_upper_wick_r"": 0.35384615384615387, ""p_lower_wick_r"": 0.5846153846153846, ""wick_penetration"": 0.9538461538461539, ""close_pct_body"": 0.2, ""rr_ratio"": 0.6499999739999922, ""session"": 2.0, ""hour_cst"": 12.0}",2026-06-11T00:00:00+00:00,7266.759820478178,1,23.7598
da6b032a-693b-47e1-9c4a-2622df4aa3ba,2026-06-10T23:21:05.968350+00:00,strategy1_wick_rejection,MES1,1,7243.5,7206.946428571428,7267.259820478178,"{""direction"": 1.0, ""strategy"": 1.0, ""p_direction"": -1.0, ""p_body_size"": 16.25, ""p_range"": 31.5, ""p_upper_wick_r"": 0.35384615384615387, ""p_lower_wick_r"": 0.5846153846153846, ""wick_penetration"": 0.9538461538461539, ""close_pct_body"": 0.2, ""rr_ratio"": 0.6499999739999922, ""session"": 2.0, ""hour_cst"": 12.0}",2026-06-11T00:00:00+00:00,7267.259820478178,1,23.7598
3dbc4e4e-b3f3-44c8-8cb5-4d5457b0c4b5,2026-06-11T00:06:52.256234+00:00,strategy1_wick_rejection,MNQ1,1,28375.75,28140.14285714286,28694.13802775891,"{""direction"": 1.0, ""strategy"": 1.0, ""p_direction"": -1.0, ""p_body_size"": 137.75, ""p_range"": 231.75, ""p_upper_wick_r"": 0.29945553539019965, ""p_lower_wick_r"": 0.38294010889292196, ""wick_penetration"": 0.35390199637023595, ""close_pct_body"": 0.4537205081669691, ""rr_ratio"": 1.3513513380702527, ""session"": 2.0, ""hour_cst"": 12.0}",2026-06-11T01:00:00+00:00,28694.13802775891,1,318.388
9b45bcaf-ee5e-4ce5-b4f0-8477adb4541d,2026-06-11T00:07:50.221196+00:00,strategy1_wick_rejection,MES1,1,7248.0,7210.035714285715,7272.676784727214,"{""direction"": 1.0, ""strategy"": 1.0, ""p_direction"": -1.0, ""p_body_size"": 16.25, ""p_range"": 31.5, ""p_upper_wick_r"": 0.35384615384615387, ""p_lower_wick_r"": 0.5846153846153846, ""wick_penetration"": 0.9538461538461539, ""close_pct_body"": 0.2, ""rr_ratio"": 0.6499999739999922, ""session"": 2.0, ""hour_cst"": 12.0}",2026-06-11T00:00:00+00:00,7272.676784727214,1,24.6768
a19ba547-f466-4503-8fb4-c8ff847d67c8,2026-06-11T01:07:21.148092+00:00,strategy1_wick_rejection,MNQ1,1,28557.75,28315.446428571428,28897.744213369686,"{""direction"": 1.0, ""strategy"": 1.0, ""p_direction"": -1.0, ""p_body_size"": 112.5, ""p_range"": 141.75, ""p_upper_wick_r"": 0.13333333333333333, ""p_lower_wick_r"": 0.12666666666666668, ""wick_penetration"": 0.5555555555555556, ""close_pct_body"": 0.19111111111111112, ""rr_ratio"": 1.4031745853565072, ""session"": 0.0, ""hour_cst"": 18.0}",2026-06-12T14:00:00+00:00,28897.74421336969,1,339.9942
fee98596-d676-4669-976d-624633c64be4,2026-06-11T01:08:09.088304+00:00,strategy1_wick_rejection,MES1,1,7277.75,7238.821428571428,7328.2743118094795,"{""direction"": 1.0, ""strategy"": 1.0, ""p_direction"": -1.0, ""p_body_size"": 15.25, ""p_range"": 23.75, ""p_upper_wick_r"": 0.4918032786885246, ""p_lower_wick_r"": 0.06557377049180328, ""wick_penetration"": 0.7049180327868853, ""close_pct_body"": 0.36065573770491804, ""rr_ratio"": 1.2978722299682834, ""session"": 0.0, ""hour_cst"": 18.0}",2026-06-12T14:00:00+00:00,7328.274311809479,1,50.5243
96c9e986-8bb8-4b5b-9385-a5ddd12343b9,2026-06-11T02:06:59.857695+00:00,strategy1_wick_rejection,MNQ1,1,28643.0,28395.625,28990.110313052566,"{""direction"": 1.0, ""strategy"": 1.0, ""p_direction"": -1.0, ""p_body_size"": 112.5, ""p_range"": 141.75, ""p_upper_wick_r"": 0.13333333333333333, ""p_lower_wick_r"": 0.12666666666666668, ""wick_penetration"": 0.5555555555555556, ""close_pct_body"": 0.19111111111111112, ""rr_ratio"": 1.4031745853565072, ""session"": 0.0, ""hour_cst"": 18.0}",2026-06-12T14:00:00+00:00,28990.110313052566,1,347.1103
2f25d8ed-aa29-4fde-83d2-29f9e9057660,2026-06-11T02:07:47.596867+00:00,strategy1_wick_rejection,MES1,1,7286.25,7246.839285714285,7337.400071634643,"{""direction"": 1.0, ""strategy"": 1.0, ""p_direction"": -1.0, ""p_body_size"": 15.25, ""p_range"": 23.75, ""p_upper_wick_r"": 0.4918032786885246, ""p_lower_wick_r"": 0.06557377049180328, ""wick_penetration"": 0.7049180327868853, ""close_pct_body"": 0.36065573770491804, ""rr_ratio"": 1.2978722299682834, ""session"": 0.0, ""hour_cst"": 18.0}",2026-06-12T14:00:00+00:00,7337.400071634643,1,51.1501
9713a15b-47ea-415f-bf92-b8a669f061cb,2026-06-11T03:06:54.302551+00:00,strategy1_wick_rejection,MNQ1,1,28620.75,28378.375,28960.844440125784,"{""direction"": 1.0, ""strategy"": 1.0, ""p_direction"": -1.0, ""p_body_size"": 112.5, ""p_range"": 141.75, ""p_upper_wick_r"": 0.13333333333333333, ""p_lower_wick_r"": 0.12666666666666668, ""wick_penetration"": 0.5555555555555556, ""close_pct_body"": 0.19111111111111112, ""rr_ratio"": 1.4031745853565072, ""session"": 0.0, ""hour_cst"": 18.0}",2026-06-12T14:00:00+00:00,28960.844440125784,1,340.0944
a7ec0749-3db9-43ed-b5df-726126463e8e,2026-06-11T03:07:42.619099+00:00,strategy1_wick_rejection,MES1,1,7289.5,7251.285714285715,7339.097260216645,"{""direction"": 1.0, ""strategy"": 1.0, ""p_direction"": -1.0, ""p_body_size"": 15.25, ""p_range"": 23.75, ""p_upper_wick_r"": 0.4918032786885246, ""p_lower_wick_r"": 0.06557377049180328, ""wick_penetration"": 0.7049180327868853, ""close_pct_body"": 0.36065573770491804, ""rr_ratio"": 1.2978722299682834, ""session"": 0.0, ""hour_cst"": 18.0}",2026-06-12T14:00:00+00:00,7339.097260216645,1,49.5973
09184b24-783a-4c8a-bc04-e242427c0735,2026-06-12T14:49:07.192803+00:00,strategy1_wick_rejection,MES1,-1,7420.75,7448.875,7406.125002340001,"{""direction"": -1.0, ""strategy"": 1.0, ""p_direction"": 1.0, ""p_body_size"": 3.25, ""p_range"": 14.25, ""p_upper_wick_r"": 0.6153846153846154, ""p_lower_wick_r"": 2.769230769230769, ""wick_penetration"": 1.3076923076923077, ""close_pct_body"": 0.3076923076923077, ""rr_ratio"": 0.5199999167999851, ""session"": 0.0, ""hour_cst"": 19.0}",2026-06-12T14:00:00+00:00,7406.125002340001,1,14.625
fe09c554-ff66-43be-bdd4-8749e8c2a00a,2026-06-12T14:49:21.932190+00:00,strategy1_wick_rejection,MES1,-1,7422.0,7450.125,7407.375002340001,"{""direction"": -1.0, ""strategy"": 1.0, ""p_direction"": 1.0, ""p_body_size"": 3.25, ""p_range"": 14.25, ""p_upper_wick_r"": 0.6153846153846154, ""p_lower_wick_r"": 2.769230769230769, ""wick_penetration"": 1.3076923076923077, ""close_pct_body"": 0.3076923076923077, ""rr_ratio"": 0.5199999167999851, ""session"": 0.0, ""hour_cst"": 19.0}",2026-06-12T14:00:00+00:00,7407.375002340001,1,14.625
175feb9f-686b-4e00-8cab-aa9f8383e75b,2026-06-12T15:02:42.881291+00:00,strategy1_wick_rejection,MES1,-1,7395.75,7423.875,7381.125002340001,"{""direction"": -1.0, ""strategy"": 1.0, ""p_direction"": 1.0, ""p_body_size"": 3.25, ""p_range"": 14.25, ""p_upper_wick_r"": 0.6153846153846154, ""p_lower_wick_r"": 2.769230769230769, ""wick_penetration"": 1.3076923076923077, ""close_pct_body"": 0.3076923076923077, ""rr_ratio"": 0.5199999167999851, ""session"": 0.0, ""hour_cst"": 19.0}",2026-06-12T15:00:00+00:00,7423.875,0,-28.125
4831d8c4-0d2f-47eb-b790-aa3fad29bc07,2026-06-12T16:03:02.817291+00:00,strategy1_wick_rejection,MES1,-1,7427.75,7459.589285714285,7411.193574077601,"{""direction"": -1.0, ""strategy"": 1.0, ""p_direction"": 1.0, ""p_body_size"": 3.25, ""p_range"": 14.25, ""p_upper_wick_r"": 0.6153846153846154, ""p_lower_wick_r"": 2.769230769230769, ""wick_penetration"": 1.3076923076923077, ""close_pct_body"": 0.3076923076923077, ""rr_ratio"": 0.5199999167999851, ""session"": 0.0, ""hour_cst"": 19.0}",2026-06-15T03:00:00+00:00,7459.589285714285,0,-31.8393
18433d37-134d-4c3a-aeb7-1d24193e60d1,2026-06-15T03:55:31.212544+00:00,strategy1_wick_rejection,MNQ1,1,30192.5,30045.196428571428,30244.489494982798,"{""direction"": 1.0, ""strategy"": 1.0, ""p_direction"": -1.0, ""p_body_size"": 24.75, ""p_range"": 82.0, ""p_upper_wick_r"": 0.8080808080808081, ""p_lower_wick_r"": 1.505050505050505, ""wick_penetration"": 0.9797979797979798, ""close_pct_body"": 0.1919191919191919, ""rr_ratio"": 0.35294117093425426, ""session"": 0.0, ""hour_cst"": 18.0}",2026-06-15T22:00:00+00:00,30244.4894949828,1,51.9895
bcb6a796-9c78-4f64-92ab-b2c085c4059d,2026-06-15T03:56:24.694019+00:00,strategy1_wick_rejection,MES1,1,7518.75,7492.392857142857,7533.246427121785,"{""direction"": 1.0, ""strategy"": 1.0, ""p_direction"": -1.0, ""p_body_size"": 5.5, ""p_range"": 13.75, ""p_upper_wick_r"": 0.7727272727272727, ""p_lower_wick_r"": 0.7272727272727273, ""wick_penetration"": 1.0909090909090908, ""close_pct_body"": 0.3181818181818182, ""rr_ratio"": 0.5499999449999868, ""session"": 0.0, ""hour_cst"": 18.0}",2026-06-18T23:00:00+00:00,7533.246427121785,1,14.4964
7a047760-7ab3-49df-a653-517569fefcf0,2026-06-15T04:02:18.873278+00:00,strategy1_wick_rejection,MNQ1,1,30192.25,30028.25,30250.13235203322,"{""direction"": 1.0, ""strategy"": 1.0, ""p_direction"": -1.0, ""p_body_size"": 24.75, ""p_range"": 82.0, ""p_upper_wick_r"": 0.8080808080808081, ""p_lower_wick_r"": 1.505050505050505, ""wick_penetration"": 0.9797979797979798, ""close_pct_body"": 0.1919191919191919, ""rr_ratio"": 0.35294117093425426, ""session"": 0.0, ""hour_cst"": 18.0}",2026-06-15T22:00:00+00:00,30250.13235203322,1,57.8824
ecfe0a72-c090-4add-ad78-d1132fdbd196,2026-06-15T04:03:01.432534+00:00,strategy1_wick_rejection,MES1,1,7519.25,7489.839285714285,7535.4258912395535,"{""direction"": 1.0, ""strategy"": 1.0, ""p_direction"": -1.0, ""p_body_size"": 5.5, ""p_range"": 13.75, ""p_upper_wick_r"": 0.7727272727272727, ""p_lower_wick_r"": 0.7272727272727273, ""wick_penetration"": 1.0909090909090908, ""close_pct_body"": 0.3181818181818182, ""rr_ratio"": 0.5499999449999868, ""session"": 0.0, ""hour_cst"": 18.0}",2026-06-18T23:00:00+00:00,7535.4258912395535,1,16.1759
f31b2137-a214-4642-b405-068be2f83a5b,2026-06-18T23:55:44.537297+00:00,strategy1_wick_rejection,MES1,1,7565.0,7543.089285714285,7574.640713514457,"{""direction"": 1.0, ""strategy"": 1.0, ""p_direction"": -1.0, ""p_body_size"": 5.5, ""p_range"": 8.75, ""p_upper_wick_r"": 0.18181818181818182, ""p_lower_wick_r"": 0.4090909090909091, ""wick_penetration"": 1.8636363636363635, ""close_pct_body"": 0.5454545454545454, ""rr_ratio"": 0.4399999647999909, ""session"": 2.0, ""hour_cst"": 14.0}",2026-06-19T03:00:00+00:00,7543.089285714285,0,-21.9107
e905a472-74a1-4802-9e95-d256eb1b8309,2026-06-18T23:57:01.425679+00:00,strategy1_wick_rejection,MNQ1,1,30694.75,30578.821428571428,30740.61185142533,"{""direction"": 1.0, ""strategy"": 1.0, ""p_direction"": -1.0, ""p_body_size"": 18.0, ""p_range"": 52.75, ""p_upper_wick_r"": 0.5555555555555556, ""p_lower_wick_r"": 1.375, ""wick_penetration"": 1.1527777777777777, ""close_pct_body"": 0.1527777777777778, ""rr_ratio"": 0.3956043869097908, ""session"": 2.0, ""hour_cst"": 14.0}",2026-06-19T03:00:00+00:00,30578.821428571428,0,-115.9286
2f493524-a98f-4695-92fe-e807ed104777,2026-06-18T23:57:47.950669+00:00,strategy1_wick_rejection,MES1,1,7566.0,7544.089285714285,7575.640713514457,"{""direction"": 1.0, ""strategy"": 1.0, ""p_direction"": -1.0, ""p_body_size"": 5.5, ""p_range"": 8.75, ""p_upper_wick_r"": 0.18181818181818182, ""p_lower_wick_r"": 0.4090909090909091, ""wick_penetration"": 1.8636363636363635, ""close_pct_body"": 0.5454545454545454, ""rr_ratio"": 0.4399999647999909, ""session"": 2.0, ""hour_cst"": 14.0}",2026-06-19T03:00:00+00:00,7544.089285714285,0,-21.9107
3a5a6744-4f60-475d-b6ec-c95e239ce53d,2026-06-19T00:06:52.191632+00:00,strategy1_wick_rejection,MNQ1,1,30697.0,30580.839285714286,30742.953688158002,"{""direction"": 1.0, ""strategy"": 1.0, ""p_direction"": -1.0, ""p_body_size"": 18.0, ""p_range"": 52.75, ""p_upper_wick_r"": 0.5555555555555556, ""p_lower_wick_r"": 1.375, ""wick_penetration"": 1.1527777777777777, ""close_pct_body"": 0.1527777777777778, ""rr_ratio"": 0.3956043869097908, ""session"": 2.0, ""hour_cst"": 14.0}",2026-06-19T03:00:00+00:00,30580.839285714286,0,-116.1607
d3d02b3b-6703-4c0d-a6f7-76da4cffe2ac,2026-06-19T00:07:34.414831+00:00,strategy1_wick_rejection,MES1,1,7566.75,7544.767857142857,7576.422142083371,"{""direction"": 1.0, ""strategy"": 1.0, ""p_direction"": -1.0, ""p_body_size"": 5.5, ""p_range"": 8.75, ""p_upper_wick_r"": 0.18181818181818182, ""p_lower_wick_r"": 0.4090909090909091, ""wick_penetration"": 1.8636363636363635, ""close_pct_body"": 0.5454545454545454, ""rr_ratio"": 0.4399999647999909, ""session"": 2.0, ""hour_cst"": 14.0}",2026-06-19T03:00:00+00:00,7544.767857142857,0,-21.9821
34eb440f-ec63-4b54-9fe9-6b41bbd6e883,2026-06-19T01:06:57.098942+00:00,strategy1_wick_rejection,MNQ1,1,30639.25,30526.035714285714,30684.03806808943,"{""direction"": 1.0, ""strategy"": 1.0, ""p_direction"": -1.0, ""p_body_size"": 18.0, ""p_range"": 52.75, ""p_upper_wick_r"": 0.5555555555555556, ""p_lower_wick_r"": 1.375, ""wick_penetration"": 1.1527777777777777, ""close_pct_body"": 0.1527777777777778, ""rr_ratio"": 0.3956043869097908, ""session"": 2.0, ""hour_cst"": 14.0}",2026-06-19T03:00:00+00:00,30526.035714285717,0,-113.2143
3d36ad58-b884-4e20-8392-e503dc0ad4a6,2026-06-19T01:07:42.111792+00:00,strategy1_wick_rejection,MES1,1,7558.0,7536.625,7567.4049992476,"{""direction"": 1.0, ""strategy"": 1.0, ""p_direction"": -1.0, ""p_body_size"": 5.5, ""p_range"": 8.75, ""p_upper_wick_r"": 0.18181818181818182, ""p_lower_wick_r"": 0.4090909090909091, ""wick_penetration"": 1.8636363636363635, ""close_pct_body"": 0.5454545454545454, ""rr_ratio"": 0.4399999647999909, ""session"": 2.0, ""hour_cst"": 14.0}",2026-06-19T03:00:00+00:00,7536.625,0,-21.375
a41d01ea-5bcc-40fa-9d30-1c616655276c,2026-06-19T16:24:49.273922+00:00,strategy1_wick_rejection,MNQ1,1,30506.5,30400.321428571428,30548.504708652956,"{""direction"": 1.0, ""strategy"": 1.0, ""p_direction"": -1.0, ""p_body_size"": 18.0, ""p_range"": 52.75, ""p_upper_wick_r"": 0.5555555555555556, ""p_lower_wick_r"": 1.375, ""wick_penetration"": 1.1527777777777777, ""close_pct_body"": 0.1527777777777778, ""rr_ratio"": 0.3956043869097908, ""session"": 2.0, ""hour_cst"": 14.0}",2026-06-22T23:00:00+00:00,30548.50470865296,1,42.0047
a9ae7821-d980-4913-b3e7-142aef2dce86,2026-06-19T16:25:37.019800+00:00,strategy1_wick_rejection,MES1,1,7536.75,7517.375,7545.274999318,"{""direction"": 1.0, ""strategy"": 1.0, ""p_direction"": -1.0, ""p_body_size"": 5.5, ""p_range"": 8.75, ""p_upper_wick_r"": 0.18181818181818182, ""p_lower_wick_r"": 0.4090909090909091, ""wick_penetration"": 1.8636363636363635, ""close_pct_body"": 0.5454545454545454, ""rr_ratio"": 0.4399999647999909, ""session"": 2.0, ""hour_cst"": 14.0}",2026-06-23T02:00:00+00:00,7517.375,0,-19.375
e829a6b9-73b0-4056-80eb-2ec526c576a0,2026-06-22T23:27:26.689935+00:00,strategy1_wick_rejection,MNQ1,1,30552.5,30425.589285714286,30748.4737505068,"{""direction"": 1.0, ""strategy"": 1.0, ""p_direction"": -1.0, ""p_body_size"": 82.5, ""p_range"": 138.75, ""p_upper_wick_r"": 0.48787878787878786, ""p_lower_wick_r"": 0.19393939393939394, ""wick_penetration"": 0.4636363636363636, ""close_pct_body"": 0.38484848484848483, ""rr_ratio"": 1.544186017782576, ""session"": 2.0, ""hour_cst"": 11.0}",2026-06-23T02:00:00+00:00,30425.589285714286,0,-126.9107
e6583446-1d7a-40d6-b23a-3dbace58598a,2026-06-22T23:28:19.105628+00:00,strategy1_wick_rejection,MES1,1,7527.0,7506.678571428572,7567.642849014284,"{""direction"": 1.0, ""strategy"": 1.0, ""p_direction"": -1.0, ""p_body_size"": 10.0, ""p_range"": 22.25, ""p_upper_wick_r"": 1.075, ""p_lower_wick_r"": 0.15, ""wick_penetration"": 0.35, ""close_pct_body"": 0.725, ""rr_ratio"": 1.9999995999999445, ""session"": 2.0, ""hour_cst"": 14.0}",2026-06-23T22:00:00+00:00,7506.678571428572,0,-20.3214
1f7fa50e-ebec-480b-82fd-3f03f330ad0c,2026-06-22T23:29:29.747555+00:00,strategy1_wick_rejection,MNQ1,1,30549.25,30422.339285714286,30745.2237505068,"{""direction"": 1.0, ""strategy"": 1.0, ""p_direction"": -1.0, ""p_body_size"": 82.5, ""p_range"": 138.75, ""p_upper_wick_r"": 0.48787878787878786, ""p_lower_wick_r"": 0.19393939393939394, ""wick_penetration"": 0.4636363636363636, ""close_pct_body"": 0.38484848484848483, ""rr_ratio"": 1.544186017782576, ""session"": 2.0, ""hour_cst"": 11.0}",2026-06-23T02:00:00+00:00,30422.339285714286,0,-126.9107
3bae6b96-dc0e-4057-8f14-f148ab33d720,2026-06-22T23:30:38.147892+00:00,strategy1_wick_rejection,MNQ1,1,30549.5,30422.51785714286,30745.58404950807,"{""direction"": 1.0, ""strategy"": 1.0, ""p_direction"": -1.0, ""p_body_size"": 82.5, ""p_range"": 138.75, ""p_upper_wick_r"": 0.48787878787878786, ""p_lower_wick_r"": 0.19393939393939394, ""wick_penetration"": 0.4636363636363636, ""close_pct_body"": 0.38484848484848483, ""rr_ratio"": 1.544186017782576, ""session"": 2.0, ""hour_cst"": 11.0}",2026-06-23T02:00:00+00:00,30422.51785714286,0,-126.9821
04311cbf-3c5b-4e94-8057-f03b726061a7,2026-06-22T23:31:18.256331+00:00,strategy1_wick_rejection,MES1,1,7528.0,7507.678571428572,7568.642849014284,"{""direction"": 1.0, ""strategy"": 1.0, ""p_direction"": -1.0, ""p_body_size"": 10.0, ""p_range"": 22.25, ""p_upper_wick_r"": 1.075, ""p_lower_wick_r"": 0.15, ""wick_penetration"": 0.35, ""close_pct_body"": 0.725, ""rr_ratio"": 1.9999995999999445, ""session"": 2.0, ""hour_cst"": 14.0}",2026-06-23T22:00:00+00:00,7507.678571428572,0,-20.3214
f08f1db7-e330-49d2-9a33-36612459bea9,2026-06-23T00:06:45.428067+00:00,strategy1_wick_rejection,MNQ1,1,30567.25,30439.910714285714,30763.88554451442,"{""direction"": 1.0, ""strategy"": 1.0, ""p_direction"": -1.0, ""p_body_size"": 82.5, ""p_range"": 138.75, ""p_upper_wick_r"": 0.48787878787878786, ""p_lower_wick_r"": 0.19393939393939394, ""wick_penetration"": 0.4636363636363636, ""close_pct_body"": 0.38484848484848483, ""rr_ratio"": 1.544186017782576, ""session"": 2.0, ""hour_cst"": 11.0}",2026-06-23T02:00:00+00:00,30439.910714285717,0,-127.3393
a79665d2-6fe7-4590-b3b2-a3e25cab133c,2026-06-23T00:07:41.647680+00:00,strategy1_wick_rejection,MES1,1,7530.25,7509.928571428572,7570.892849014284,"{""direction"": 1.0, ""strategy"": 1.0, ""p_direction"": -1.0, ""p_body_size"": 10.0, ""p_range"": 22.25, ""p_upper_wick_r"": 1.075, ""p_lower_wick_r"": 0.15, ""wick_penetration"": 0.35, ""close_pct_body"": 0.725, ""rr_ratio"": 1.9999995999999445, ""session"": 2.0, ""hour_cst"": 14.0}",2026-06-23T22:00:00+00:00,7509.928571428572,0,-20.3214
44cb091c-0501-4f4e-b83d-9b0cc41704b8,2026-06-23T01:06:24.127876+00:00,strategy1_wick_rejection,MNQ1,1,30587.75,30452.14285714286,30797.152653911446,"{""direction"": 1.0, ""strategy"": 1.0, ""p_direction"": -1.0, ""p_body_size"": 82.5, ""p_range"": 138.75, ""p_upper_wick_r"": 0.48787878787878786, ""p_lower_wick_r"": 0.19393939393939394, ""wick_penetration"": 0.4636363636363636, ""close_pct_body"": 0.38484848484848483, ""rr_ratio"": 1.544186017782576, ""session"": 2.0, ""hour_cst"": 11.0}",2026-06-23T02:00:00+00:00,30452.14285714286,0,-135.6071
290fed56-c70e-41af-aa71-6b841efbf2ec,2026-06-23T02:30:34.066784+00:00,strategy1_wick_rejection,MNQ1,1,30453.5,30310.85714285714,30673.767105536557,"{""direction"": 1.0, ""strategy"": 1.0, ""p_direction"": -1.0, ""p_body_size"": 82.5, ""p_range"": 138.75, ""p_upper_wick_r"": 0.48787878787878786, ""p_lower_wick_r"": 0.19393939393939394, ""wick_penetration"": 0.4636363636363636, ""close_pct_body"": 0.38484848484848483, ""rr_ratio"": 1.544186017782576, ""session"": 2.0, ""hour_cst"": 11.0}",2026-06-23T22:00:00+00:00,30310.85714285714,0,-142.6429
24554911-4aa4-4d87-a68b-6e3acd99f43c,2026-06-23T22:52:55.336039+00:00,strategy1_wick_rejection,MNQ1,-1,29651.5,29820.660714285714,29384.477717673148,"{""direction"": -1.0, ""strategy"": 1.0, ""p_direction"": 1.0, ""p_body_size"": 191.0, ""p_range"": 318.25, ""p_upper_wick_r"": 0.04581151832460733, ""p_lower_wick_r"": 0.6204188481675392, ""wick_penetration"": 0.587696335078534, ""close_pct_body"": 0.6256544502617801, ""rr_ratio"": 1.5785123836486536, ""session"": 2.0, ""hour_cst"": 9.0}",2026-06-25T00:00:00+00:00,29820.660714285717,0,-169.1607
5c3d6cc2-d882-4c43-a052-b8ecebe348a0,2026-06-23T23:07:10.511071+00:00,strategy1_wick_rejection,MNQ1,-1,29678.0,29848.196428571428,29409.342829847228,"{""direction"": -1.0, ""strategy"": 1.0, ""p_direction"": 1.0, ""p_body_size"": 191.0, ""p_range"": 318.25, ""p_upper_wick_r"": 0.04581151832460733, ""p_lower_wick_r"": 0.6204188481675392, ""wick_penetration"": 0.587696335078534, ""close_pct_body"": 0.6256544502617801, ""rr_ratio"": 1.5785123836486536, ""session"": 2.0, ""hour_cst"": 9.0}",2026-06-25T00:00:00+00:00,29848.196428571428,0,-170.1964
114e4dd4-c99a-4289-85f5-ce7ae8542df8,2026-06-25T00:40:04.780712+00:00,strategy1_wick_rejection,MNQ1,-1,30038.0,30263.0,27218.681989049634,"{""direction"": -1.0, ""strategy"": 1.0, ""p_direction"": 1.0, ""p_body_size"": 206.75, ""p_range"": 368.25, ""p_upper_wick_r"": 0.010882708585247884, ""p_lower_wick_r"": 0.7702539298669892, ""wick_penetration"": 0.06892382103990327, ""close_pct_body"": 0.347037484885127, ""rr_ratio"": 12.530302270890514, ""session"": 2.0, ""hour_cst"": 10.0}",,,-1,
c96649bf-f60a-42f5-b04b-71a0856ab1a6,2026-06-25T01:06:34.036892+00:00,strategy1_wick_rejection,MNQ1,-1,29955.25,30186.714285714286,27054.932535084234,"{""direction"": -1.0, ""strategy"": 1.0, ""p_direction"": 1.0, ""p_body_size"": 206.75, ""p_range"": 368.25, ""p_upper_wick_r"": 0.010882708585247884, ""p_lower_wick_r"": 0.7702539298669892, ""wick_penetration"": 0.06892382103990327, ""close_pct_body"": 0.347037484885127, ""rr_ratio"": 12.530302270890514, ""session"": 2.0, ""hour_cst"": 10.0}",,,-1,
fbfc9c79-ed2d-4e0c-bd55-c2824c85e9eb,2026-06-26T00:58:56.688565+00:00,strategy1_wick_rejection,MNQ1,-1,29686.25,29934.26785714286,29400.711495602594,"{""direction"": -1.0, ""strategy"": 1.0, ""p_direction"": 1.0, ""p_body_size"": 113.0, ""p_range"": 139.25, ""p_upper_wick_r"": 0.14601769911504425, ""p_lower_wick_r"": 0.08628318584070796, ""wick_penetration"": 0.7101769911504425, ""close_pct_body"": 0.8141592920353983, ""rr_ratio"": 1.1512820394740264, ""session"": 2.0, ""hour_cst"": 13.0}",2026-06-26T03:00:00+00:00,29400.711495602594,1,285.5385
51be517b-6c3b-4222-afe8-2be79487c01d,2026-06-26T01:07:05.076753+00:00,strategy1_wick_rejection,MNQ1,-1,29636.0,29886.053571428572,29348.11781430795,"{""direction"": -1.0, ""strategy"": 1.0, ""p_direction"": 1.0, ""p_body_size"": 113.0, ""p_range"": 139.25, ""p_upper_wick_r"": 0.14601769911504425, ""p_lower_wick_r"": 0.08628318584070796, ""wick_penetration"": 0.7101769911504425, ""close_pct_body"": 0.8141592920353983, ""rr_ratio"": 1.1512820394740264, ""session"": 2.0, ""hour_cst"": 13.0}",2026-06-26T03:00:00+00:00,29348.11781430795,1,287.8822
e6198e89-f51f-4c3f-a091-407c0f07575a,2026-06-26T03:20:36.043388+00:00,strategy1_wick_rejection,MNQ1,-1,29229.0,29496.48214285714,28921.052613048545,"{""direction"": -1.0, ""strategy"": 1.0, ""p_direction"": 1.0, ""p_body_size"": 113.0, ""p_range"": 139.25, ""p_upper_wick_r"": 0.14601769911504425, ""p_lower_wick_r"": 0.08628318584070796, ""wick_penetration"": 0.7101769911504425, ""close_pct_body"": 0.8141592920353983, ""rr_ratio"": 1.1512820394740264, ""session"": 2.0, ""hour_cst"": 13.0}",,,-1,
4f43ca2f-30ca-4619-acbe-b30e48b309ba,2026-06-26T04:07:09.789614+00:00,strategy1_wick_rejection,MNQ1,-1,29336.25,29587.60714285714,29046.867035935065,"{""direction"": -1.0, ""strategy"": 1.0, ""p_direction"": 1.0, ""p_body_size"": 113.0, ""p_range"": 139.25, ""p_upper_wick_r"": 0.14601769911504425, ""p_lower_wick_r"": 0.08628318584070796, ""wick_penetration"": 0.7101769911504425, ""close_pct_body"": 0.8141592920353983, ""rr_ratio"": 1.1512820394740264, ""session"": 2.0, ""hour_cst"": 13.0}",,,-1,
4c68813b-10f0-4c0f-815e-3fc38182d6a3,2026-06-26T05:03:06.878301+00:00,strategy1_wick_rejection,MNQ1,-1,29266.5,29527.464285714286,28966.056504912976,"{""direction"": -1.0, ""strategy"": 1.0, ""p_direction"": 1.0, ""p_body_size"": 113.0, ""p_range"": 139.25, ""p_upper_wick_r"": 0.14601769911504425, ""p_lower_wick_r"": 0.08628318584070796, ""wick_penetration"": 0.7101769911504425, ""close_pct_body"": 0.8141592920353983, ""rr_ratio"": 1.1512820394740264, ""session"": 2.0, ""hour_cst"": 13.0}",,,-1,
